-- phpMyAdmin SQL Dump
-- version 5.0.2
-- https://www.phpmyadmin.net/
--
-- Host: 127.0.0.1
-- Generation Time: Mar 27, 2021 at 11:45 AM
-- Server version: 10.4.11-MariaDB
-- PHP Version: 7.4.5

SET SQL_MODE = "NO_AUTO_VALUE_ON_ZERO";
START TRANSACTION;
SET time_zone = "+00:00";


/*!40101 SET @OLD_CHARACTER_SET_CLIENT=@@CHARACTER_SET_CLIENT */;
/*!40101 SET @OLD_CHARACTER_SET_RESULTS=@@CHARACTER_SET_RESULTS */;
/*!40101 SET @OLD_COLLATION_CONNECTION=@@COLLATION_CONNECTION */;
/*!40101 SET NAMES utf8mb4 */;

--
-- Database: `indepandent_wp`
--

-- --------------------------------------------------------

--
-- Table structure for table `wp_incommentmeta`
--

CREATE TABLE `wp_incommentmeta` (
  `meta_id` bigint(20) UNSIGNED NOT NULL,
  `comment_id` bigint(20) UNSIGNED NOT NULL DEFAULT 0,
  `meta_key` varchar(255) COLLATE utf8mb4_unicode_ci DEFAULT NULL,
  `meta_value` longtext COLLATE utf8mb4_unicode_ci DEFAULT NULL
) ENGINE=InnoDB DEFAULT CHARSET=utf8mb4 COLLATE=utf8mb4_unicode_ci;

-- --------------------------------------------------------

--
-- Table structure for table `wp_incomments`
--

CREATE TABLE `wp_incomments` (
  `comment_ID` bigint(20) UNSIGNED NOT NULL,
  `comment_post_ID` bigint(20) UNSIGNED NOT NULL DEFAULT 0,
  `comment_author` tinytext COLLATE utf8mb4_unicode_ci NOT NULL,
  `comment_author_email` varchar(100) COLLATE utf8mb4_unicode_ci NOT NULL DEFAULT '',
  `comment_author_url` varchar(200) COLLATE utf8mb4_unicode_ci NOT NULL DEFAULT '',
  `comment_author_IP` varchar(100) COLLATE utf8mb4_unicode_ci NOT NULL DEFAULT '',
  `comment_date` datetime NOT NULL DEFAULT '0000-00-00 00:00:00',
  `comment_date_gmt` datetime NOT NULL DEFAULT '0000-00-00 00:00:00',
  `comment_content` text COLLATE utf8mb4_unicode_ci NOT NULL,
  `comment_karma` int(11) NOT NULL DEFAULT 0,
  `comment_approved` varchar(20) COLLATE utf8mb4_unicode_ci NOT NULL DEFAULT '1',
  `comment_agent` varchar(255) COLLATE utf8mb4_unicode_ci NOT NULL DEFAULT '',
  `comment_type` varchar(20) COLLATE utf8mb4_unicode_ci NOT NULL DEFAULT 'comment',
  `comment_parent` bigint(20) UNSIGNED NOT NULL DEFAULT 0,
  `user_id` bigint(20) UNSIGNED NOT NULL DEFAULT 0
) ENGINE=InnoDB DEFAULT CHARSET=utf8mb4 COLLATE=utf8mb4_unicode_ci;

--
-- Dumping data for table `wp_incomments`
--

INSERT INTO `wp_incomments` (`comment_ID`, `comment_post_ID`, `comment_author`, `comment_author_email`, `comment_author_url`, `comment_author_IP`, `comment_date`, `comment_date_gmt`, `comment_content`, `comment_karma`, `comment_approved`, `comment_agent`, `comment_type`, `comment_parent`, `user_id`) VALUES
(1, 1, 'A WordPress Commenter', 'wapuu@wordpress.example', 'https://wordpress.org/', '', '2021-03-27 05:05:49', '2021-03-27 05:05:49', 'Hi, this is a comment.\nTo get started with moderating, editing, and deleting comments, please visit the Comments screen in the dashboard.\nCommenter avatars come from <a href=\"https://gravatar.com\">Gravatar</a>.', 0, 'post-trashed', '', 'comment', 0, 0),
(2, 16, 'ashraf', 'ash@gmail.com', '', '::1', '2021-03-27 13:43:23', '2021-03-27 07:43:23', 'this is a sample comment', 0, '1', 'Mozilla/5.0 (Windows NT 10.0; Win64; x64; rv:86.0) Gecko/20100101 Firefox/86.0', 'comment', 0, 0),
(3, 16, 'ashraf', 'ash@gmail.com', '', '::1', '2021-03-27 13:45:36', '2021-03-27 07:45:36', 'test reply', 0, '1', 'Mozilla/5.0 (Windows NT 10.0; Win64; x64; rv:86.0) Gecko/20100101 Firefox/86.0', 'comment', 2, 0),
(4, 16, 'admin', '01iftekharalam@gmail.com', 'http://www.webdevifti.com/wordpress/indepandent', '::1', '2021-03-27 14:02:48', '2021-03-27 08:02:48', 'orem ipsum dolor sit amet, consectetur adipisicing elit, sed do eiusmod tempor incididunt ut labore et dolore magna aliqua. Ut enim ad minim veniam, quis nostrud exercitation ullamco laboris nisi u', 0, '1', 'Mozilla/5.0 (Windows NT 10.0; Win64; x64) AppleWebKit/537.36 (KHTML, like Gecko) Chrome/89.0.4389.90 Safari/537.36', 'comment', 3, 1);

-- --------------------------------------------------------

--
-- Table structure for table `wp_inlinks`
--

CREATE TABLE `wp_inlinks` (
  `link_id` bigint(20) UNSIGNED NOT NULL,
  `link_url` varchar(255) COLLATE utf8mb4_unicode_ci NOT NULL DEFAULT '',
  `link_name` varchar(255) COLLATE utf8mb4_unicode_ci NOT NULL DEFAULT '',
  `link_image` varchar(255) COLLATE utf8mb4_unicode_ci NOT NULL DEFAULT '',
  `link_target` varchar(25) COLLATE utf8mb4_unicode_ci NOT NULL DEFAULT '',
  `link_description` varchar(255) COLLATE utf8mb4_unicode_ci NOT NULL DEFAULT '',
  `link_visible` varchar(20) COLLATE utf8mb4_unicode_ci NOT NULL DEFAULT 'Y',
  `link_owner` bigint(20) UNSIGNED NOT NULL DEFAULT 1,
  `link_rating` int(11) NOT NULL DEFAULT 0,
  `link_updated` datetime NOT NULL DEFAULT '0000-00-00 00:00:00',
  `link_rel` varchar(255) COLLATE utf8mb4_unicode_ci NOT NULL DEFAULT '',
  `link_notes` mediumtext COLLATE utf8mb4_unicode_ci NOT NULL,
  `link_rss` varchar(255) COLLATE utf8mb4_unicode_ci NOT NULL DEFAULT ''
) ENGINE=InnoDB DEFAULT CHARSET=utf8mb4 COLLATE=utf8mb4_unicode_ci;

-- --------------------------------------------------------

--
-- Table structure for table `wp_inoptions`
--

CREATE TABLE `wp_inoptions` (
  `option_id` bigint(20) UNSIGNED NOT NULL,
  `option_name` varchar(191) COLLATE utf8mb4_unicode_ci NOT NULL DEFAULT '',
  `option_value` longtext COLLATE utf8mb4_unicode_ci NOT NULL,
  `autoload` varchar(20) COLLATE utf8mb4_unicode_ci NOT NULL DEFAULT 'yes'
) ENGINE=InnoDB DEFAULT CHARSET=utf8mb4 COLLATE=utf8mb4_unicode_ci;

--
-- Dumping data for table `wp_inoptions`
--

INSERT INTO `wp_inoptions` (`option_id`, `option_name`, `option_value`, `autoload`) VALUES
(1, 'siteurl', 'http://www.webdevifti.com/wordpress/indepandent', 'yes'),
(2, 'home', 'http://www.webdevifti.com/wordpress/indepandent', 'yes'),
(3, 'blogname', 'Indepandent Day', 'yes'),
(4, 'blogdescription', 'Red and Green Bangladesh.', 'yes'),
(5, 'users_can_register', '0', 'yes'),
(6, 'admin_email', '01iftekharalam@gmail.com', 'yes'),
(7, 'start_of_week', '6', 'yes'),
(8, 'use_balanceTags', '0', 'yes'),
(9, 'use_smilies', '1', 'yes'),
(10, 'require_name_email', '1', 'yes'),
(11, 'comments_notify', '1', 'yes'),
(12, 'posts_per_rss', '1', 'yes'),
(13, 'rss_use_excerpt', '1', 'yes'),
(14, 'mailserver_url', 'mail.example.com', 'yes'),
(15, 'mailserver_login', 'login@example.com', 'yes'),
(16, 'mailserver_pass', 'password', 'yes'),
(17, 'mailserver_port', '110', 'yes'),
(18, 'default_category', '1', 'yes'),
(19, 'default_comment_status', 'open', 'yes'),
(20, 'default_ping_status', 'open', 'yes'),
(21, 'default_pingback_flag', '', 'yes'),
(22, 'posts_per_page', '1', 'yes'),
(23, 'date_format', 'F j, Y', 'yes'),
(24, 'time_format', 'g:i a', 'yes'),
(25, 'links_updated_date_format', 'F j, Y g:i a', 'yes'),
(26, 'comment_moderation', '', 'yes'),
(27, 'moderation_notify', '', 'yes'),
(28, 'permalink_structure', '/%category%/%postname%/', 'yes'),
(29, 'rewrite_rules', 'a:97:{s:11:\"^wp-json/?$\";s:22:\"index.php?rest_route=/\";s:14:\"^wp-json/(.*)?\";s:33:\"index.php?rest_route=/$matches[1]\";s:21:\"^index.php/wp-json/?$\";s:22:\"index.php?rest_route=/\";s:24:\"^index.php/wp-json/(.*)?\";s:33:\"index.php?rest_route=/$matches[1]\";s:17:\"^wp-sitemap\\.xml$\";s:23:\"index.php?sitemap=index\";s:17:\"^wp-sitemap\\.xsl$\";s:36:\"index.php?sitemap-stylesheet=sitemap\";s:23:\"^wp-sitemap-index\\.xsl$\";s:34:\"index.php?sitemap-stylesheet=index\";s:48:\"^wp-sitemap-([a-z]+?)-([a-z\\d_-]+?)-(\\d+?)\\.xml$\";s:75:\"index.php?sitemap=$matches[1]&sitemap-subtype=$matches[2]&paged=$matches[3]\";s:34:\"^wp-sitemap-([a-z]+?)-(\\d+?)\\.xml$\";s:47:\"index.php?sitemap=$matches[1]&paged=$matches[2]\";s:47:\"category/(.+?)/feed/(feed|rdf|rss|rss2|atom)/?$\";s:52:\"index.php?category_name=$matches[1]&feed=$matches[2]\";s:42:\"category/(.+?)/(feed|rdf|rss|rss2|atom)/?$\";s:52:\"index.php?category_name=$matches[1]&feed=$matches[2]\";s:23:\"category/(.+?)/embed/?$\";s:46:\"index.php?category_name=$matches[1]&embed=true\";s:35:\"category/(.+?)/page/?([0-9]{1,})/?$\";s:53:\"index.php?category_name=$matches[1]&paged=$matches[2]\";s:17:\"category/(.+?)/?$\";s:35:\"index.php?category_name=$matches[1]\";s:44:\"tag/([^/]+)/feed/(feed|rdf|rss|rss2|atom)/?$\";s:42:\"index.php?tag=$matches[1]&feed=$matches[2]\";s:39:\"tag/([^/]+)/(feed|rdf|rss|rss2|atom)/?$\";s:42:\"index.php?tag=$matches[1]&feed=$matches[2]\";s:20:\"tag/([^/]+)/embed/?$\";s:36:\"index.php?tag=$matches[1]&embed=true\";s:32:\"tag/([^/]+)/page/?([0-9]{1,})/?$\";s:43:\"index.php?tag=$matches[1]&paged=$matches[2]\";s:14:\"tag/([^/]+)/?$\";s:25:\"index.php?tag=$matches[1]\";s:45:\"type/([^/]+)/feed/(feed|rdf|rss|rss2|atom)/?$\";s:50:\"index.php?post_format=$matches[1]&feed=$matches[2]\";s:40:\"type/([^/]+)/(feed|rdf|rss|rss2|atom)/?$\";s:50:\"index.php?post_format=$matches[1]&feed=$matches[2]\";s:21:\"type/([^/]+)/embed/?$\";s:44:\"index.php?post_format=$matches[1]&embed=true\";s:33:\"type/([^/]+)/page/?([0-9]{1,})/?$\";s:51:\"index.php?post_format=$matches[1]&paged=$matches[2]\";s:15:\"type/([^/]+)/?$\";s:33:\"index.php?post_format=$matches[1]\";s:48:\".*wp-(atom|rdf|rss|rss2|feed|commentsrss2)\\.php$\";s:18:\"index.php?feed=old\";s:20:\".*wp-app\\.php(/.*)?$\";s:19:\"index.php?error=403\";s:18:\".*wp-register.php$\";s:23:\"index.php?register=true\";s:32:\"feed/(feed|rdf|rss|rss2|atom)/?$\";s:27:\"index.php?&feed=$matches[1]\";s:27:\"(feed|rdf|rss|rss2|atom)/?$\";s:27:\"index.php?&feed=$matches[1]\";s:8:\"embed/?$\";s:21:\"index.php?&embed=true\";s:20:\"page/?([0-9]{1,})/?$\";s:28:\"index.php?&paged=$matches[1]\";s:41:\"comments/feed/(feed|rdf|rss|rss2|atom)/?$\";s:42:\"index.php?&feed=$matches[1]&withcomments=1\";s:36:\"comments/(feed|rdf|rss|rss2|atom)/?$\";s:42:\"index.php?&feed=$matches[1]&withcomments=1\";s:17:\"comments/embed/?$\";s:21:\"index.php?&embed=true\";s:44:\"search/(.+)/feed/(feed|rdf|rss|rss2|atom)/?$\";s:40:\"index.php?s=$matches[1]&feed=$matches[2]\";s:39:\"search/(.+)/(feed|rdf|rss|rss2|atom)/?$\";s:40:\"index.php?s=$matches[1]&feed=$matches[2]\";s:20:\"search/(.+)/embed/?$\";s:34:\"index.php?s=$matches[1]&embed=true\";s:32:\"search/(.+)/page/?([0-9]{1,})/?$\";s:41:\"index.php?s=$matches[1]&paged=$matches[2]\";s:14:\"search/(.+)/?$\";s:23:\"index.php?s=$matches[1]\";s:47:\"author/([^/]+)/feed/(feed|rdf|rss|rss2|atom)/?$\";s:50:\"index.php?author_name=$matches[1]&feed=$matches[2]\";s:42:\"author/([^/]+)/(feed|rdf|rss|rss2|atom)/?$\";s:50:\"index.php?author_name=$matches[1]&feed=$matches[2]\";s:23:\"author/([^/]+)/embed/?$\";s:44:\"index.php?author_name=$matches[1]&embed=true\";s:35:\"author/([^/]+)/page/?([0-9]{1,})/?$\";s:51:\"index.php?author_name=$matches[1]&paged=$matches[2]\";s:17:\"author/([^/]+)/?$\";s:33:\"index.php?author_name=$matches[1]\";s:69:\"([0-9]{4})/([0-9]{1,2})/([0-9]{1,2})/feed/(feed|rdf|rss|rss2|atom)/?$\";s:80:\"index.php?year=$matches[1]&monthnum=$matches[2]&day=$matches[3]&feed=$matches[4]\";s:64:\"([0-9]{4})/([0-9]{1,2})/([0-9]{1,2})/(feed|rdf|rss|rss2|atom)/?$\";s:80:\"index.php?year=$matches[1]&monthnum=$matches[2]&day=$matches[3]&feed=$matches[4]\";s:45:\"([0-9]{4})/([0-9]{1,2})/([0-9]{1,2})/embed/?$\";s:74:\"index.php?year=$matches[1]&monthnum=$matches[2]&day=$matches[3]&embed=true\";s:57:\"([0-9]{4})/([0-9]{1,2})/([0-9]{1,2})/page/?([0-9]{1,})/?$\";s:81:\"index.php?year=$matches[1]&monthnum=$matches[2]&day=$matches[3]&paged=$matches[4]\";s:39:\"([0-9]{4})/([0-9]{1,2})/([0-9]{1,2})/?$\";s:63:\"index.php?year=$matches[1]&monthnum=$matches[2]&day=$matches[3]\";s:56:\"([0-9]{4})/([0-9]{1,2})/feed/(feed|rdf|rss|rss2|atom)/?$\";s:64:\"index.php?year=$matches[1]&monthnum=$matches[2]&feed=$matches[3]\";s:51:\"([0-9]{4})/([0-9]{1,2})/(feed|rdf|rss|rss2|atom)/?$\";s:64:\"index.php?year=$matches[1]&monthnum=$matches[2]&feed=$matches[3]\";s:32:\"([0-9]{4})/([0-9]{1,2})/embed/?$\";s:58:\"index.php?year=$matches[1]&monthnum=$matches[2]&embed=true\";s:44:\"([0-9]{4})/([0-9]{1,2})/page/?([0-9]{1,})/?$\";s:65:\"index.php?year=$matches[1]&monthnum=$matches[2]&paged=$matches[3]\";s:26:\"([0-9]{4})/([0-9]{1,2})/?$\";s:47:\"index.php?year=$matches[1]&monthnum=$matches[2]\";s:43:\"([0-9]{4})/feed/(feed|rdf|rss|rss2|atom)/?$\";s:43:\"index.php?year=$matches[1]&feed=$matches[2]\";s:38:\"([0-9]{4})/(feed|rdf|rss|rss2|atom)/?$\";s:43:\"index.php?year=$matches[1]&feed=$matches[2]\";s:19:\"([0-9]{4})/embed/?$\";s:37:\"index.php?year=$matches[1]&embed=true\";s:31:\"([0-9]{4})/page/?([0-9]{1,})/?$\";s:44:\"index.php?year=$matches[1]&paged=$matches[2]\";s:13:\"([0-9]{4})/?$\";s:26:\"index.php?year=$matches[1]\";s:27:\".?.+?/attachment/([^/]+)/?$\";s:32:\"index.php?attachment=$matches[1]\";s:37:\".?.+?/attachment/([^/]+)/trackback/?$\";s:37:\"index.php?attachment=$matches[1]&tb=1\";s:57:\".?.+?/attachment/([^/]+)/feed/(feed|rdf|rss|rss2|atom)/?$\";s:49:\"index.php?attachment=$matches[1]&feed=$matches[2]\";s:52:\".?.+?/attachment/([^/]+)/(feed|rdf|rss|rss2|atom)/?$\";s:49:\"index.php?attachment=$matches[1]&feed=$matches[2]\";s:52:\".?.+?/attachment/([^/]+)/comment-page-([0-9]{1,})/?$\";s:50:\"index.php?attachment=$matches[1]&cpage=$matches[2]\";s:33:\".?.+?/attachment/([^/]+)/embed/?$\";s:43:\"index.php?attachment=$matches[1]&embed=true\";s:16:\"(.?.+?)/embed/?$\";s:41:\"index.php?pagename=$matches[1]&embed=true\";s:20:\"(.?.+?)/trackback/?$\";s:35:\"index.php?pagename=$matches[1]&tb=1\";s:40:\"(.?.+?)/feed/(feed|rdf|rss|rss2|atom)/?$\";s:47:\"index.php?pagename=$matches[1]&feed=$matches[2]\";s:35:\"(.?.+?)/(feed|rdf|rss|rss2|atom)/?$\";s:47:\"index.php?pagename=$matches[1]&feed=$matches[2]\";s:28:\"(.?.+?)/page/?([0-9]{1,})/?$\";s:48:\"index.php?pagename=$matches[1]&paged=$matches[2]\";s:35:\"(.?.+?)/comment-page-([0-9]{1,})/?$\";s:48:\"index.php?pagename=$matches[1]&cpage=$matches[2]\";s:24:\"(.?.+?)(?:/([0-9]+))?/?$\";s:47:\"index.php?pagename=$matches[1]&page=$matches[2]\";s:31:\".+?/[^/]+/attachment/([^/]+)/?$\";s:32:\"index.php?attachment=$matches[1]\";s:41:\".+?/[^/]+/attachment/([^/]+)/trackback/?$\";s:37:\"index.php?attachment=$matches[1]&tb=1\";s:61:\".+?/[^/]+/attachment/([^/]+)/feed/(feed|rdf|rss|rss2|atom)/?$\";s:49:\"index.php?attachment=$matches[1]&feed=$matches[2]\";s:56:\".+?/[^/]+/attachment/([^/]+)/(feed|rdf|rss|rss2|atom)/?$\";s:49:\"index.php?attachment=$matches[1]&feed=$matches[2]\";s:56:\".+?/[^/]+/attachment/([^/]+)/comment-page-([0-9]{1,})/?$\";s:50:\"index.php?attachment=$matches[1]&cpage=$matches[2]\";s:37:\".+?/[^/]+/attachment/([^/]+)/embed/?$\";s:43:\"index.php?attachment=$matches[1]&embed=true\";s:22:\"(.+?)/([^/]+)/embed/?$\";s:63:\"index.php?category_name=$matches[1]&name=$matches[2]&embed=true\";s:26:\"(.+?)/([^/]+)/trackback/?$\";s:57:\"index.php?category_name=$matches[1]&name=$matches[2]&tb=1\";s:46:\"(.+?)/([^/]+)/feed/(feed|rdf|rss|rss2|atom)/?$\";s:69:\"index.php?category_name=$matches[1]&name=$matches[2]&feed=$matches[3]\";s:41:\"(.+?)/([^/]+)/(feed|rdf|rss|rss2|atom)/?$\";s:69:\"index.php?category_name=$matches[1]&name=$matches[2]&feed=$matches[3]\";s:34:\"(.+?)/([^/]+)/page/?([0-9]{1,})/?$\";s:70:\"index.php?category_name=$matches[1]&name=$matches[2]&paged=$matches[3]\";s:41:\"(.+?)/([^/]+)/comment-page-([0-9]{1,})/?$\";s:70:\"index.php?category_name=$matches[1]&name=$matches[2]&cpage=$matches[3]\";s:30:\"(.+?)/([^/]+)(?:/([0-9]+))?/?$\";s:69:\"index.php?category_name=$matches[1]&name=$matches[2]&page=$matches[3]\";s:20:\".+?/[^/]+/([^/]+)/?$\";s:32:\"index.php?attachment=$matches[1]\";s:30:\".+?/[^/]+/([^/]+)/trackback/?$\";s:37:\"index.php?attachment=$matches[1]&tb=1\";s:50:\".+?/[^/]+/([^/]+)/feed/(feed|rdf|rss|rss2|atom)/?$\";s:49:\"index.php?attachment=$matches[1]&feed=$matches[2]\";s:45:\".+?/[^/]+/([^/]+)/(feed|rdf|rss|rss2|atom)/?$\";s:49:\"index.php?attachment=$matches[1]&feed=$matches[2]\";s:45:\".+?/[^/]+/([^/]+)/comment-page-([0-9]{1,})/?$\";s:50:\"index.php?attachment=$matches[1]&cpage=$matches[2]\";s:26:\".+?/[^/]+/([^/]+)/embed/?$\";s:43:\"index.php?attachment=$matches[1]&embed=true\";s:38:\"(.+?)/feed/(feed|rdf|rss|rss2|atom)/?$\";s:52:\"index.php?category_name=$matches[1]&feed=$matches[2]\";s:33:\"(.+?)/(feed|rdf|rss|rss2|atom)/?$\";s:52:\"index.php?category_name=$matches[1]&feed=$matches[2]\";s:14:\"(.+?)/embed/?$\";s:46:\"index.php?category_name=$matches[1]&embed=true\";s:26:\"(.+?)/page/?([0-9]{1,})/?$\";s:53:\"index.php?category_name=$matches[1]&paged=$matches[2]\";s:33:\"(.+?)/comment-page-([0-9]{1,})/?$\";s:53:\"index.php?category_name=$matches[1]&cpage=$matches[2]\";s:8:\"(.+?)/?$\";s:35:\"index.php?category_name=$matches[1]\";}', 'yes'),
(30, 'hack_file', '0', 'yes'),
(31, 'blog_charset', 'UTF-8', 'yes'),
(32, 'moderation_keys', '', 'no'),
(33, 'active_plugins', 'a:0:{}', 'yes'),
(34, 'category_base', '', 'yes'),
(35, 'ping_sites', 'http://rpc.pingomatic.com/', 'yes'),
(36, 'comment_max_links', '2', 'yes'),
(37, 'gmt_offset', '6', 'yes'),
(38, 'default_email_category', '1', 'yes'),
(39, 'recently_edited', '', 'no'),
(40, 'template', 'indepandent', 'yes'),
(41, 'stylesheet', 'indepandent', 'yes'),
(42, 'comment_registration', '', 'yes'),
(43, 'html_type', 'text/html', 'yes'),
(44, 'use_trackback', '0', 'yes'),
(45, 'default_role', 'subscriber', 'yes'),
(46, 'db_version', '48748', 'yes'),
(47, 'uploads_use_yearmonth_folders', '1', 'yes'),
(48, 'upload_path', '', 'yes'),
(49, 'blog_public', '0', 'yes'),
(50, 'default_link_category', '2', 'yes'),
(51, 'show_on_front', 'posts', 'yes'),
(52, 'tag_base', '', 'yes'),
(53, 'show_avatars', '1', 'yes'),
(54, 'avatar_rating', 'G', 'yes'),
(55, 'upload_url_path', '', 'yes'),
(56, 'thumbnail_size_w', '150', 'yes'),
(57, 'thumbnail_size_h', '150', 'yes'),
(58, 'thumbnail_crop', '1', 'yes'),
(59, 'medium_size_w', '300', 'yes'),
(60, 'medium_size_h', '300', 'yes'),
(61, 'avatar_default', 'mystery', 'yes'),
(62, 'large_size_w', '1024', 'yes'),
(63, 'large_size_h', '1024', 'yes'),
(64, 'image_default_link_type', 'none', 'yes'),
(65, 'image_default_size', '', 'yes'),
(66, 'image_default_align', '', 'yes'),
(67, 'close_comments_for_old_posts', '', 'yes'),
(68, 'close_comments_days_old', '14', 'yes'),
(69, 'thread_comments', '1', 'yes'),
(70, 'thread_comments_depth', '5', 'yes'),
(71, 'page_comments', '', 'yes'),
(72, 'comments_per_page', '50', 'yes'),
(73, 'default_comments_page', 'newest', 'yes'),
(74, 'comment_order', 'asc', 'yes'),
(75, 'sticky_posts', 'a:0:{}', 'yes'),
(76, 'widget_categories', 'a:4:{i:2;a:4:{s:5:\"title\";s:0:\"\";s:5:\"count\";i:0;s:12:\"hierarchical\";i:0;s:8:\"dropdown\";i:0;}i:3;a:4:{s:5:\"title\";s:10:\"Categories\";s:5:\"count\";i:0;s:12:\"hierarchical\";i:1;s:8:\"dropdown\";i:0;}i:4;a:4:{s:5:\"title\";s:8:\"Category\";s:5:\"count\";i:0;s:12:\"hierarchical\";i:1;s:8:\"dropdown\";i:0;}s:12:\"_multiwidget\";i:1;}', 'yes'),
(77, 'widget_text', 'a:2:{i:2;a:4:{s:5:\"title\";s:5:\"About\";s:4:\"text\";s:285:\"<strong>Lorem</strong> ipsum dolor sit amet, consectetur adipisicing elit, sed do eiusmodproident, sunt in culpa qui officia deserunt mollit anim id est laborum sunt in culpa qui officia deserunt mollit anim id est laborum sunt in culpa qui officia deserunt mollit anim id est laborum.\";s:6:\"filter\";b:1;s:6:\"visual\";b:1;}s:12:\"_multiwidget\";i:1;}', 'yes'),
(78, 'widget_rss', 'a:0:{}', 'yes'),
(79, 'uninstall_plugins', 'a:0:{}', 'no'),
(80, 'timezone_string', '', 'yes'),
(81, 'page_for_posts', '0', 'yes'),
(82, 'page_on_front', '0', 'yes'),
(83, 'default_post_format', '0', 'yes'),
(84, 'link_manager_enabled', '0', 'yes'),
(85, 'finished_splitting_shared_terms', '1', 'yes'),
(86, 'site_icon', '0', 'yes'),
(87, 'medium_large_size_w', '768', 'yes'),
(88, 'medium_large_size_h', '0', 'yes'),
(89, 'wp_page_for_privacy_policy', '3', 'yes'),
(90, 'show_comments_cookies_opt_in', '1', 'yes'),
(91, 'admin_email_lifespan', '1632373541', 'yes'),
(92, 'disallowed_keys', '', 'no'),
(93, 'comment_previously_approved', '', 'yes'),
(94, 'auto_plugin_theme_update_emails', 'a:0:{}', 'no'),
(95, 'initial_db_version', '48748', 'yes'),
(96, 'wp_inuser_roles', 'a:5:{s:13:\"administrator\";a:2:{s:4:\"name\";s:13:\"Administrator\";s:12:\"capabilities\";a:61:{s:13:\"switch_themes\";b:1;s:11:\"edit_themes\";b:1;s:16:\"activate_plugins\";b:1;s:12:\"edit_plugins\";b:1;s:10:\"edit_users\";b:1;s:10:\"edit_files\";b:1;s:14:\"manage_options\";b:1;s:17:\"moderate_comments\";b:1;s:17:\"manage_categories\";b:1;s:12:\"manage_links\";b:1;s:12:\"upload_files\";b:1;s:6:\"import\";b:1;s:15:\"unfiltered_html\";b:1;s:10:\"edit_posts\";b:1;s:17:\"edit_others_posts\";b:1;s:20:\"edit_published_posts\";b:1;s:13:\"publish_posts\";b:1;s:10:\"edit_pages\";b:1;s:4:\"read\";b:1;s:8:\"level_10\";b:1;s:7:\"level_9\";b:1;s:7:\"level_8\";b:1;s:7:\"level_7\";b:1;s:7:\"level_6\";b:1;s:7:\"level_5\";b:1;s:7:\"level_4\";b:1;s:7:\"level_3\";b:1;s:7:\"level_2\";b:1;s:7:\"level_1\";b:1;s:7:\"level_0\";b:1;s:17:\"edit_others_pages\";b:1;s:20:\"edit_published_pages\";b:1;s:13:\"publish_pages\";b:1;s:12:\"delete_pages\";b:1;s:19:\"delete_others_pages\";b:1;s:22:\"delete_published_pages\";b:1;s:12:\"delete_posts\";b:1;s:19:\"delete_others_posts\";b:1;s:22:\"delete_published_posts\";b:1;s:20:\"delete_private_posts\";b:1;s:18:\"edit_private_posts\";b:1;s:18:\"read_private_posts\";b:1;s:20:\"delete_private_pages\";b:1;s:18:\"edit_private_pages\";b:1;s:18:\"read_private_pages\";b:1;s:12:\"delete_users\";b:1;s:12:\"create_users\";b:1;s:17:\"unfiltered_upload\";b:1;s:14:\"edit_dashboard\";b:1;s:14:\"update_plugins\";b:1;s:14:\"delete_plugins\";b:1;s:15:\"install_plugins\";b:1;s:13:\"update_themes\";b:1;s:14:\"install_themes\";b:1;s:11:\"update_core\";b:1;s:10:\"list_users\";b:1;s:12:\"remove_users\";b:1;s:13:\"promote_users\";b:1;s:18:\"edit_theme_options\";b:1;s:13:\"delete_themes\";b:1;s:6:\"export\";b:1;}}s:6:\"editor\";a:2:{s:4:\"name\";s:6:\"Editor\";s:12:\"capabilities\";a:34:{s:17:\"moderate_comments\";b:1;s:17:\"manage_categories\";b:1;s:12:\"manage_links\";b:1;s:12:\"upload_files\";b:1;s:15:\"unfiltered_html\";b:1;s:10:\"edit_posts\";b:1;s:17:\"edit_others_posts\";b:1;s:20:\"edit_published_posts\";b:1;s:13:\"publish_posts\";b:1;s:10:\"edit_pages\";b:1;s:4:\"read\";b:1;s:7:\"level_7\";b:1;s:7:\"level_6\";b:1;s:7:\"level_5\";b:1;s:7:\"level_4\";b:1;s:7:\"level_3\";b:1;s:7:\"level_2\";b:1;s:7:\"level_1\";b:1;s:7:\"level_0\";b:1;s:17:\"edit_others_pages\";b:1;s:20:\"edit_published_pages\";b:1;s:13:\"publish_pages\";b:1;s:12:\"delete_pages\";b:1;s:19:\"delete_others_pages\";b:1;s:22:\"delete_published_pages\";b:1;s:12:\"delete_posts\";b:1;s:19:\"delete_others_posts\";b:1;s:22:\"delete_published_posts\";b:1;s:20:\"delete_private_posts\";b:1;s:18:\"edit_private_posts\";b:1;s:18:\"read_private_posts\";b:1;s:20:\"delete_private_pages\";b:1;s:18:\"edit_private_pages\";b:1;s:18:\"read_private_pages\";b:1;}}s:6:\"author\";a:2:{s:4:\"name\";s:6:\"Author\";s:12:\"capabilities\";a:10:{s:12:\"upload_files\";b:1;s:10:\"edit_posts\";b:1;s:20:\"edit_published_posts\";b:1;s:13:\"publish_posts\";b:1;s:4:\"read\";b:1;s:7:\"level_2\";b:1;s:7:\"level_1\";b:1;s:7:\"level_0\";b:1;s:12:\"delete_posts\";b:1;s:22:\"delete_published_posts\";b:1;}}s:11:\"contributor\";a:2:{s:4:\"name\";s:11:\"Contributor\";s:12:\"capabilities\";a:5:{s:10:\"edit_posts\";b:1;s:4:\"read\";b:1;s:7:\"level_1\";b:1;s:7:\"level_0\";b:1;s:12:\"delete_posts\";b:1;}}s:10:\"subscriber\";a:2:{s:4:\"name\";s:10:\"Subscriber\";s:12:\"capabilities\";a:2:{s:4:\"read\";b:1;s:7:\"level_0\";b:1;}}}', 'yes'),
(97, 'fresh_site', '0', 'yes'),
(98, 'widget_search', 'a:2:{i:2;a:1:{s:5:\"title\";s:0:\"\";}s:12:\"_multiwidget\";i:1;}', 'yes'),
(99, 'widget_recent-posts', 'a:3:{i:2;a:2:{s:5:\"title\";s:0:\"\";s:6:\"number\";i:5;}i:3;a:3:{s:5:\"title\";s:17:\"Recently Uploaded\";s:6:\"number\";i:5;s:9:\"show_date\";b:0;}s:12:\"_multiwidget\";i:1;}', 'yes'),
(100, 'widget_recent-comments', 'a:2:{i:2;a:2:{s:5:\"title\";s:0:\"\";s:6:\"number\";i:5;}s:12:\"_multiwidget\";i:1;}', 'yes'),
(101, 'widget_archives', 'a:2:{i:2;a:3:{s:5:\"title\";s:0:\"\";s:5:\"count\";i:0;s:8:\"dropdown\";i:0;}s:12:\"_multiwidget\";i:1;}', 'yes'),
(102, 'widget_meta', 'a:2:{i:2;a:1:{s:5:\"title\";s:0:\"\";}s:12:\"_multiwidget\";i:1;}', 'yes'),
(103, 'sidebars_widgets', 'a:4:{s:19:\"wp_inactive_widgets\";a:6:{i:0;s:8:\"search-2\";i:1;s:14:\"recent-posts-2\";i:2;s:17:\"recent-comments-2\";i:3;s:10:\"archives-2\";i:4;s:12:\"categories-2\";i:5;s:6:\"meta-2\";}s:16:\"sidebar-widget-1\";a:3:{i:0;s:14:\"recent-posts-3\";i:1;s:12:\"categories-3\";i:2;s:11:\"tag_cloud-2\";}s:15:\"footer-widget-1\";a:3:{i:0;s:7:\"pages-2\";i:1;s:12:\"categories-4\";i:2;s:6:\"text-2\";}s:13:\"array_version\";i:3;}', 'yes'),
(104, 'cron', 'a:6:{i:1616843153;a:1:{s:34:\"wp_privacy_delete_old_export_files\";a:1:{s:32:\"40cd750bba9870f18aada2478b24840a\";a:3:{s:8:\"schedule\";s:6:\"hourly\";s:4:\"args\";a:0:{}s:8:\"interval\";i:3600;}}}i:1616864753;a:3:{s:16:\"wp_version_check\";a:1:{s:32:\"40cd750bba9870f18aada2478b24840a\";a:3:{s:8:\"schedule\";s:10:\"twicedaily\";s:4:\"args\";a:0:{}s:8:\"interval\";i:43200;}}s:17:\"wp_update_plugins\";a:1:{s:32:\"40cd750bba9870f18aada2478b24840a\";a:3:{s:8:\"schedule\";s:10:\"twicedaily\";s:4:\"args\";a:0:{}s:8:\"interval\";i:43200;}}s:16:\"wp_update_themes\";a:1:{s:32:\"40cd750bba9870f18aada2478b24840a\";a:3:{s:8:\"schedule\";s:10:\"twicedaily\";s:4:\"args\";a:0:{}s:8:\"interval\";i:43200;}}}i:1616907951;a:2:{s:30:\"wp_site_health_scheduled_check\";a:1:{s:32:\"40cd750bba9870f18aada2478b24840a\";a:3:{s:8:\"schedule\";s:6:\"weekly\";s:4:\"args\";a:0:{}s:8:\"interval\";i:604800;}}s:32:\"recovery_mode_clean_expired_keys\";a:1:{s:32:\"40cd750bba9870f18aada2478b24840a\";a:3:{s:8:\"schedule\";s:5:\"daily\";s:4:\"args\";a:0:{}s:8:\"interval\";i:86400;}}}i:1616907967;a:2:{s:19:\"wp_scheduled_delete\";a:1:{s:32:\"40cd750bba9870f18aada2478b24840a\";a:3:{s:8:\"schedule\";s:5:\"daily\";s:4:\"args\";a:0:{}s:8:\"interval\";i:86400;}}s:25:\"delete_expired_transients\";a:1:{s:32:\"40cd750bba9870f18aada2478b24840a\";a:3:{s:8:\"schedule\";s:5:\"daily\";s:4:\"args\";a:0:{}s:8:\"interval\";i:86400;}}}i:1616907969;a:1:{s:30:\"wp_scheduled_auto_draft_delete\";a:1:{s:32:\"40cd750bba9870f18aada2478b24840a\";a:3:{s:8:\"schedule\";s:5:\"daily\";s:4:\"args\";a:0:{}s:8:\"interval\";i:86400;}}}s:7:\"version\";i:2;}', 'yes'),
(105, 'widget_pages', 'a:2:{i:2;a:3:{s:5:\"title\";s:5:\"Pages\";s:6:\"sortby\";s:10:\"post_title\";s:7:\"exclude\";s:0:\"\";}s:12:\"_multiwidget\";i:1;}', 'yes'),
(106, 'widget_calendar', 'a:1:{s:12:\"_multiwidget\";i:1;}', 'yes'),
(107, 'widget_media_audio', 'a:1:{s:12:\"_multiwidget\";i:1;}', 'yes'),
(108, 'widget_media_image', 'a:1:{s:12:\"_multiwidget\";i:1;}', 'yes'),
(109, 'widget_media_gallery', 'a:1:{s:12:\"_multiwidget\";i:1;}', 'yes'),
(110, 'widget_media_video', 'a:1:{s:12:\"_multiwidget\";i:1;}', 'yes'),
(111, 'widget_tag_cloud', 'a:2:{i:2;a:3:{s:5:\"title\";s:4:\"Tags\";s:5:\"count\";i:1;s:8:\"taxonomy\";s:8:\"post_tag\";}s:12:\"_multiwidget\";i:1;}', 'yes'),
(112, 'widget_nav_menu', 'a:1:{s:12:\"_multiwidget\";i:1;}', 'yes'),
(113, 'widget_custom_html', 'a:1:{s:12:\"_multiwidget\";i:1;}', 'yes'),
(115, 'recovery_keys', 'a:0:{}', 'yes'),
(116, '_site_transient_update_core', 'O:8:\"stdClass\":3:{s:7:\"updates\";a:0:{}s:15:\"version_checked\";s:5:\"5.5.1\";s:12:\"last_checked\";i:1616821553;}', 'no'),
(117, '_site_transient_update_plugins', 'O:8:\"stdClass\":1:{s:12:\"last_checked\";i:1616821554;}', 'no'),
(118, 'theme_mods_twentytwenty', 'a:2:{s:18:\"custom_css_post_id\";i:-1;s:16:\"sidebars_widgets\";a:2:{s:4:\"time\";i:1616822173;s:4:\"data\";a:3:{s:19:\"wp_inactive_widgets\";a:0:{}s:9:\"sidebar-1\";a:3:{i:0;s:8:\"search-2\";i:1;s:14:\"recent-posts-2\";i:2;s:17:\"recent-comments-2\";}s:9:\"sidebar-2\";a:3:{i:0;s:10:\"archives-2\";i:1;s:12:\"categories-2\";i:2;s:6:\"meta-2\";}}}}', 'yes'),
(121, '_site_transient_update_themes', 'O:8:\"stdClass\":1:{s:12:\"last_checked\";i:1616826159;}', 'no'),
(123, '_transient_timeout_dash_v2_88ae138922fe95674369b1cb3d215a2b', '1616864772', 'no'),
(124, '_transient_dash_v2_88ae138922fe95674369b1cb3d215a2b', '<div class=\"rss-widget\"><p><strong>RSS Error:</strong> WP HTTP Error: A valid URL was not provided.</p></div><div class=\"rss-widget\"><p><strong>RSS Error:</strong> WP HTTP Error: A valid URL was not provided.</p></div>', 'no'),
(125, 'can_compress_scripts', '1', 'no'),
(128, 'finished_updating_comment_type', '1', 'yes'),
(129, 'current_theme', 'Indepandent Day', 'yes'),
(130, 'theme_mods_indepandent', 'a:3:{i:0;b:0;s:18:\"nav_menu_locations\";a:1:{s:7:\"primary\";i:2;}s:18:\"custom_css_post_id\";i:-1;}', 'yes'),
(131, 'theme_switched', '', 'yes'),
(132, 'WPLANG', '', 'yes'),
(133, 'new_admin_email', '01iftekharalam@gmail.com', 'yes'),
(143, '_site_transient_timeout_theme_roots', '1616827127', 'no'),
(144, '_site_transient_theme_roots', 'a:4:{s:11:\"indepandent\";s:7:\"/themes\";s:14:\"twentynineteen\";s:7:\"/themes\";s:15:\"twentyseventeen\";s:7:\"/themes\";s:12:\"twentytwenty\";s:7:\"/themes\";}', 'no'),
(145, 'nav_menu_options', 'a:2:{i:0;b:0;s:8:\"auto_add\";a:0:{}}', 'yes'),
(148, 'category_children', 'a:0:{}', 'yes');

-- --------------------------------------------------------

--
-- Table structure for table `wp_inpostmeta`
--

CREATE TABLE `wp_inpostmeta` (
  `meta_id` bigint(20) UNSIGNED NOT NULL,
  `post_id` bigint(20) UNSIGNED NOT NULL DEFAULT 0,
  `meta_key` varchar(255) COLLATE utf8mb4_unicode_ci DEFAULT NULL,
  `meta_value` longtext COLLATE utf8mb4_unicode_ci DEFAULT NULL
) ENGINE=InnoDB DEFAULT CHARSET=utf8mb4 COLLATE=utf8mb4_unicode_ci;

--
-- Dumping data for table `wp_inpostmeta`
--

INSERT INTO `wp_inpostmeta` (`meta_id`, `post_id`, `meta_key`, `meta_value`) VALUES
(1, 2, '_wp_page_template', 'default'),
(2, 3, '_wp_page_template', 'default'),
(3, 5, '_menu_item_type', 'custom'),
(4, 5, '_menu_item_menu_item_parent', '0'),
(5, 5, '_menu_item_object_id', '5'),
(6, 5, '_menu_item_object', 'custom'),
(7, 5, '_menu_item_target', ''),
(8, 5, '_menu_item_classes', 'a:1:{i:0;s:0:\"\";}'),
(9, 5, '_menu_item_xfn', ''),
(10, 5, '_menu_item_url', 'http://www.webdevifti.com/wordpress/indepandent/'),
(21, 2, '_wp_trash_meta_status', 'publish'),
(22, 2, '_wp_trash_meta_time', '1616826220'),
(23, 2, '_wp_desired_post_slug', 'sample-page'),
(24, 8, '_edit_lock', '1616836054:1'),
(25, 10, '_edit_lock', '1616836025:1'),
(26, 12, '_menu_item_type', 'post_type'),
(27, 12, '_menu_item_menu_item_parent', '0'),
(28, 12, '_menu_item_object_id', '10'),
(29, 12, '_menu_item_object', 'page'),
(30, 12, '_menu_item_target', ''),
(31, 12, '_menu_item_classes', 'a:1:{i:0;s:0:\"\";}'),
(32, 12, '_menu_item_xfn', ''),
(33, 12, '_menu_item_url', ''),
(35, 13, '_menu_item_type', 'post_type'),
(36, 13, '_menu_item_menu_item_parent', '0'),
(37, 13, '_menu_item_object_id', '8'),
(38, 13, '_menu_item_object', 'page'),
(39, 13, '_menu_item_target', ''),
(40, 13, '_menu_item_classes', 'a:1:{i:0;s:0:\"\";}'),
(41, 13, '_menu_item_xfn', ''),
(42, 13, '_menu_item_url', ''),
(44, 14, '_edit_lock', '1616827683:1'),
(45, 1, '_wp_trash_meta_status', 'publish'),
(46, 1, '_wp_trash_meta_time', '1616827931'),
(47, 1, '_wp_desired_post_slug', 'hello-world'),
(48, 1, '_wp_trash_meta_comments_status', 'a:1:{i:1;s:1:\"1\";}'),
(49, 16, '_edit_lock', '1616828122:1'),
(51, 18, '_wp_attached_file', '2021/03/Untitled-Design-2.png'),
(52, 18, '_wp_attachment_metadata', 'a:5:{s:5:\"width\";i:5120;s:6:\"height\";i:2880;s:4:\"file\";s:29:\"2021/03/Untitled-Design-2.png\";s:5:\"sizes\";a:6:{s:6:\"medium\";a:4:{s:4:\"file\";s:29:\"Untitled-Design-2-300x169.png\";s:5:\"width\";i:300;s:6:\"height\";i:169;s:9:\"mime-type\";s:9:\"image/png\";}s:5:\"large\";a:4:{s:4:\"file\";s:30:\"Untitled-Design-2-1024x576.png\";s:5:\"width\";i:1024;s:6:\"height\";i:576;s:9:\"mime-type\";s:9:\"image/png\";}s:9:\"thumbnail\";a:4:{s:4:\"file\";s:29:\"Untitled-Design-2-150x150.png\";s:5:\"width\";i:150;s:6:\"height\";i:150;s:9:\"mime-type\";s:9:\"image/png\";}s:12:\"medium_large\";a:4:{s:4:\"file\";s:29:\"Untitled-Design-2-768x432.png\";s:5:\"width\";i:768;s:6:\"height\";i:432;s:9:\"mime-type\";s:9:\"image/png\";}s:9:\"1536x1536\";a:4:{s:4:\"file\";s:30:\"Untitled-Design-2-1536x864.png\";s:5:\"width\";i:1536;s:6:\"height\";i:864;s:9:\"mime-type\";s:9:\"image/png\";}s:9:\"2048x2048\";a:4:{s:4:\"file\";s:31:\"Untitled-Design-2-2048x1152.png\";s:5:\"width\";i:2048;s:6:\"height\";i:1152;s:9:\"mime-type\";s:9:\"image/png\";}}s:10:\"image_meta\";a:12:{s:8:\"aperture\";s:1:\"0\";s:6:\"credit\";s:0:\"\";s:6:\"camera\";s:0:\"\";s:7:\"caption\";s:0:\"\";s:17:\"created_timestamp\";s:1:\"0\";s:9:\"copyright\";s:0:\"\";s:12:\"focal_length\";s:1:\"0\";s:3:\"iso\";s:1:\"0\";s:13:\"shutter_speed\";s:1:\"0\";s:5:\"title\";s:0:\"\";s:11:\"orientation\";s:1:\"0\";s:8:\"keywords\";a:0:{}}}'),
(53, 18, '_wp_attachment_image_alt', 'this is the sample post title one'),
(55, 16, '_thumbnail_id', '18'),
(57, 19, '_edit_lock', '1616834127:1');

-- --------------------------------------------------------

--
-- Table structure for table `wp_inposts`
--

CREATE TABLE `wp_inposts` (
  `ID` bigint(20) UNSIGNED NOT NULL,
  `post_author` bigint(20) UNSIGNED NOT NULL DEFAULT 0,
  `post_date` datetime NOT NULL DEFAULT '0000-00-00 00:00:00',
  `post_date_gmt` datetime NOT NULL DEFAULT '0000-00-00 00:00:00',
  `post_content` longtext COLLATE utf8mb4_unicode_ci NOT NULL,
  `post_title` text COLLATE utf8mb4_unicode_ci NOT NULL,
  `post_excerpt` text COLLATE utf8mb4_unicode_ci NOT NULL,
  `post_status` varchar(20) COLLATE utf8mb4_unicode_ci NOT NULL DEFAULT 'publish',
  `comment_status` varchar(20) COLLATE utf8mb4_unicode_ci NOT NULL DEFAULT 'open',
  `ping_status` varchar(20) COLLATE utf8mb4_unicode_ci NOT NULL DEFAULT 'open',
  `post_password` varchar(255) COLLATE utf8mb4_unicode_ci NOT NULL DEFAULT '',
  `post_name` varchar(200) COLLATE utf8mb4_unicode_ci NOT NULL DEFAULT '',
  `to_ping` text COLLATE utf8mb4_unicode_ci NOT NULL,
  `pinged` text COLLATE utf8mb4_unicode_ci NOT NULL,
  `post_modified` datetime NOT NULL DEFAULT '0000-00-00 00:00:00',
  `post_modified_gmt` datetime NOT NULL DEFAULT '0000-00-00 00:00:00',
  `post_content_filtered` longtext COLLATE utf8mb4_unicode_ci NOT NULL,
  `post_parent` bigint(20) UNSIGNED NOT NULL DEFAULT 0,
  `guid` varchar(255) COLLATE utf8mb4_unicode_ci NOT NULL DEFAULT '',
  `menu_order` int(11) NOT NULL DEFAULT 0,
  `post_type` varchar(20) COLLATE utf8mb4_unicode_ci NOT NULL DEFAULT 'post',
  `post_mime_type` varchar(100) COLLATE utf8mb4_unicode_ci NOT NULL DEFAULT '',
  `comment_count` bigint(20) NOT NULL DEFAULT 0
) ENGINE=InnoDB DEFAULT CHARSET=utf8mb4 COLLATE=utf8mb4_unicode_ci;

--
-- Dumping data for table `wp_inposts`
--

INSERT INTO `wp_inposts` (`ID`, `post_author`, `post_date`, `post_date_gmt`, `post_content`, `post_title`, `post_excerpt`, `post_status`, `comment_status`, `ping_status`, `post_password`, `post_name`, `to_ping`, `pinged`, `post_modified`, `post_modified_gmt`, `post_content_filtered`, `post_parent`, `guid`, `menu_order`, `post_type`, `post_mime_type`, `comment_count`) VALUES
(1, 1, '2021-03-27 05:05:49', '2021-03-27 05:05:49', '<!-- wp:paragraph -->\n<p>Welcome to WordPress. This is your first post. Edit or delete it, then start writing!</p>\n<!-- /wp:paragraph -->', 'Hello world!', '', 'trash', 'open', 'open', '', 'hello-world__trashed', '', '', '2021-03-27 12:52:11', '2021-03-27 06:52:11', '', 0, 'http://www.webdevifti.com/wordpress/indepandent/?p=1', 0, 'post', '', 1),
(2, 1, '2021-03-27 05:05:49', '2021-03-27 05:05:49', '<!-- wp:paragraph -->\n<p>This is an example page. It\'s different from a blog post because it will stay in one place and will show up in your site navigation (in most themes). Most people start with an About page that introduces them to potential site visitors. It might say something like this:</p>\n<!-- /wp:paragraph -->\n\n<!-- wp:quote -->\n<blockquote class=\"wp-block-quote\"><p>Hi there! I\'m a bike messenger by day, aspiring actor by night, and this is my website. I live in Los Angeles, have a great dog named Jack, and I like pi&#241;a coladas. (And gettin\' caught in the rain.)</p></blockquote>\n<!-- /wp:quote -->\n\n<!-- wp:paragraph -->\n<p>...or something like this:</p>\n<!-- /wp:paragraph -->\n\n<!-- wp:quote -->\n<blockquote class=\"wp-block-quote\"><p>The XYZ Doohickey Company was founded in 1971, and has been providing quality doohickeys to the public ever since. Located in Gotham City, XYZ employs over 2,000 people and does all kinds of awesome things for the Gotham community.</p></blockquote>\n<!-- /wp:quote -->\n\n<!-- wp:paragraph -->\n<p>As a new WordPress user, you should go to <a href=\"http://www.webdevifti.com/wordpress/indepandent/wp-admin/\">your dashboard</a> to delete this page and create new pages for your content. Have fun!</p>\n<!-- /wp:paragraph -->', 'Sample Page', '', 'trash', 'closed', 'open', '', 'sample-page__trashed', '', '', '2021-03-27 12:23:40', '2021-03-27 06:23:40', '', 0, 'http://www.webdevifti.com/wordpress/indepandent/?page_id=2', 0, 'page', '', 0),
(3, 1, '2021-03-27 05:05:49', '2021-03-27 05:05:49', '<!-- wp:heading --><h2>Who we are</h2><!-- /wp:heading --><!-- wp:paragraph --><p>Our website address is: http://www.webdevifti.com/wordpress/indepandent.</p><!-- /wp:paragraph --><!-- wp:heading --><h2>What personal data we collect and why we collect it</h2><!-- /wp:heading --><!-- wp:heading {\"level\":3} --><h3>Comments</h3><!-- /wp:heading --><!-- wp:paragraph --><p>When visitors leave comments on the site we collect the data shown in the comments form, and also the visitor&#8217;s IP address and browser user agent string to help spam detection.</p><!-- /wp:paragraph --><!-- wp:paragraph --><p>An anonymized string created from your email address (also called a hash) may be provided to the Gravatar service to see if you are using it. The Gravatar service privacy policy is available here: https://automattic.com/privacy/. After approval of your comment, your profile picture is visible to the public in the context of your comment.</p><!-- /wp:paragraph --><!-- wp:heading {\"level\":3} --><h3>Media</h3><!-- /wp:heading --><!-- wp:paragraph --><p>If you upload images to the website, you should avoid uploading images with embedded location data (EXIF GPS) included. Visitors to the website can download and extract any location data from images on the website.</p><!-- /wp:paragraph --><!-- wp:heading {\"level\":3} --><h3>Contact forms</h3><!-- /wp:heading --><!-- wp:heading {\"level\":3} --><h3>Cookies</h3><!-- /wp:heading --><!-- wp:paragraph --><p>If you leave a comment on our site you may opt-in to saving your name, email address and website in cookies. These are for your convenience so that you do not have to fill in your details again when you leave another comment. These cookies will last for one year.</p><!-- /wp:paragraph --><!-- wp:paragraph --><p>If you visit our login page, we will set a temporary cookie to determine if your browser accepts cookies. This cookie contains no personal data and is discarded when you close your browser.</p><!-- /wp:paragraph --><!-- wp:paragraph --><p>When you log in, we will also set up several cookies to save your login information and your screen display choices. Login cookies last for two days, and screen options cookies last for a year. If you select &quot;Remember Me&quot;, your login will persist for two weeks. If you log out of your account, the login cookies will be removed.</p><!-- /wp:paragraph --><!-- wp:paragraph --><p>If you edit or publish an article, an additional cookie will be saved in your browser. This cookie includes no personal data and simply indicates the post ID of the article you just edited. It expires after 1 day.</p><!-- /wp:paragraph --><!-- wp:heading {\"level\":3} --><h3>Embedded content from other websites</h3><!-- /wp:heading --><!-- wp:paragraph --><p>Articles on this site may include embedded content (e.g. videos, images, articles, etc.). Embedded content from other websites behaves in the exact same way as if the visitor has visited the other website.</p><!-- /wp:paragraph --><!-- wp:paragraph --><p>These websites may collect data about you, use cookies, embed additional third-party tracking, and monitor your interaction with that embedded content, including tracking your interaction with the embedded content if you have an account and are logged in to that website.</p><!-- /wp:paragraph --><!-- wp:heading {\"level\":3} --><h3>Analytics</h3><!-- /wp:heading --><!-- wp:heading --><h2>Who we share your data with</h2><!-- /wp:heading --><!-- wp:heading --><h2>How long we retain your data</h2><!-- /wp:heading --><!-- wp:paragraph --><p>If you leave a comment, the comment and its metadata are retained indefinitely. This is so we can recognize and approve any follow-up comments automatically instead of holding them in a moderation queue.</p><!-- /wp:paragraph --><!-- wp:paragraph --><p>For users that register on our website (if any), we also store the personal information they provide in their user profile. All users can see, edit, or delete their personal information at any time (except they cannot change their username). Website administrators can also see and edit that information.</p><!-- /wp:paragraph --><!-- wp:heading --><h2>What rights you have over your data</h2><!-- /wp:heading --><!-- wp:paragraph --><p>If you have an account on this site, or have left comments, you can request to receive an exported file of the personal data we hold about you, including any data you have provided to us. You can also request that we erase any personal data we hold about you. This does not include any data we are obliged to keep for administrative, legal, or security purposes.</p><!-- /wp:paragraph --><!-- wp:heading --><h2>Where we send your data</h2><!-- /wp:heading --><!-- wp:paragraph --><p>Visitor comments may be checked through an automated spam detection service.</p><!-- /wp:paragraph --><!-- wp:heading --><h2>Your contact information</h2><!-- /wp:heading --><!-- wp:heading --><h2>Additional information</h2><!-- /wp:heading --><!-- wp:heading {\"level\":3} --><h3>How we protect your data</h3><!-- /wp:heading --><!-- wp:heading {\"level\":3} --><h3>What data breach procedures we have in place</h3><!-- /wp:heading --><!-- wp:heading {\"level\":3} --><h3>What third parties we receive data from</h3><!-- /wp:heading --><!-- wp:heading {\"level\":3} --><h3>What automated decision making and/or profiling we do with user data</h3><!-- /wp:heading --><!-- wp:heading {\"level\":3} --><h3>Industry regulatory disclosure requirements</h3><!-- /wp:heading -->', 'Privacy Policy', '', 'draft', 'closed', 'open', '', 'privacy-policy', '', '', '2021-03-27 05:05:49', '2021-03-27 05:05:49', '', 0, 'http://www.webdevifti.com/wordpress/indepandent/?page_id=3', 0, 'page', '', 0),
(4, 1, '2021-03-27 05:06:09', '0000-00-00 00:00:00', '', 'Auto Draft', '', 'auto-draft', 'open', 'open', '', '', '', '', '2021-03-27 05:06:09', '0000-00-00 00:00:00', '', 0, 'http://www.webdevifti.com/wordpress/indepandent/?p=4', 0, 'post', '', 0),
(5, 1, '2021-03-27 12:22:57', '2021-03-27 06:22:57', '', 'Home', '', 'publish', 'closed', 'closed', '', 'home', '', '', '2021-03-27 12:26:40', '2021-03-27 06:26:40', '', 0, 'http://www.webdevifti.com/wordpress/indepandent/?p=5', 1, 'nav_menu_item', '', 0),
(7, 1, '2021-03-27 12:23:40', '2021-03-27 06:23:40', '<!-- wp:paragraph -->\n<p>This is an example page. It\'s different from a blog post because it will stay in one place and will show up in your site navigation (in most themes). Most people start with an About page that introduces them to potential site visitors. It might say something like this:</p>\n<!-- /wp:paragraph -->\n\n<!-- wp:quote -->\n<blockquote class=\"wp-block-quote\"><p>Hi there! I\'m a bike messenger by day, aspiring actor by night, and this is my website. I live in Los Angeles, have a great dog named Jack, and I like pi&#241;a coladas. (And gettin\' caught in the rain.)</p></blockquote>\n<!-- /wp:quote -->\n\n<!-- wp:paragraph -->\n<p>...or something like this:</p>\n<!-- /wp:paragraph -->\n\n<!-- wp:quote -->\n<blockquote class=\"wp-block-quote\"><p>The XYZ Doohickey Company was founded in 1971, and has been providing quality doohickeys to the public ever since. Located in Gotham City, XYZ employs over 2,000 people and does all kinds of awesome things for the Gotham community.</p></blockquote>\n<!-- /wp:quote -->\n\n<!-- wp:paragraph -->\n<p>As a new WordPress user, you should go to <a href=\"http://www.webdevifti.com/wordpress/indepandent/wp-admin/\">your dashboard</a> to delete this page and create new pages for your content. Have fun!</p>\n<!-- /wp:paragraph -->', 'Sample Page', '', 'inherit', 'closed', 'closed', '', '2-revision-v1', '', '', '2021-03-27 12:23:40', '2021-03-27 06:23:40', '', 2, 'http://www.webdevifti.com/wordpress/indepandent/uncategorized/2-revision-v1/', 0, 'revision', '', 0),
(8, 1, '2021-03-27 12:24:09', '2021-03-27 06:24:09', '<!-- wp:paragraph -->\n<p>this is contact page</p>\n<!-- /wp:paragraph -->', 'Contact', '', 'publish', 'closed', 'closed', '', 'contact', '', '', '2021-03-27 15:09:48', '2021-03-27 09:09:48', '', 0, 'http://www.webdevifti.com/wordpress/indepandent/?page_id=8', 0, 'page', '', 0),
(9, 1, '2021-03-27 12:24:09', '2021-03-27 06:24:09', '', 'Contact', '', 'inherit', 'closed', 'closed', '', '8-revision-v1', '', '', '2021-03-27 12:24:09', '2021-03-27 06:24:09', '', 8, 'http://www.webdevifti.com/wordpress/indepandent/uncategorized/8-revision-v1/', 0, 'revision', '', 0),
(10, 1, '2021-03-27 12:24:57', '2021-03-27 06:24:57', '<!-- wp:paragraph -->\n<p>this is about page</p>\n<!-- /wp:paragraph -->', 'About', '', 'publish', 'closed', 'closed', '', 'about', '', '', '2021-03-27 15:09:10', '2021-03-27 09:09:10', '', 0, 'http://www.webdevifti.com/wordpress/indepandent/?page_id=10', 0, 'page', '', 0),
(11, 1, '2021-03-27 12:24:57', '2021-03-27 06:24:57', '', 'About', '', 'inherit', 'closed', 'closed', '', '10-revision-v1', '', '', '2021-03-27 12:24:57', '2021-03-27 06:24:57', '', 10, 'http://www.webdevifti.com/wordpress/indepandent/uncategorized/10-revision-v1/', 0, 'revision', '', 0),
(12, 1, '2021-03-27 12:26:40', '2021-03-27 06:26:40', ' ', '', '', 'publish', 'closed', 'closed', '', '12', '', '', '2021-03-27 12:26:40', '2021-03-27 06:26:40', '', 0, 'http://www.webdevifti.com/wordpress/indepandent/?p=12', 2, 'nav_menu_item', '', 0),
(13, 1, '2021-03-27 12:26:41', '2021-03-27 06:26:41', ' ', '', '', 'publish', 'closed', 'closed', '', '13', '', '', '2021-03-27 12:26:41', '2021-03-27 06:26:41', '', 0, 'http://www.webdevifti.com/wordpress/indepandent/?p=13', 3, 'nav_menu_item', '', 0),
(14, 1, '2021-03-27 12:49:40', '0000-00-00 00:00:00', '', 'Auto Draft', '', 'auto-draft', 'open', 'open', '', '', '', '', '2021-03-27 12:49:40', '0000-00-00 00:00:00', '', 0, 'http://www.webdevifti.com/wordpress/indepandent/?p=14', 0, 'post', '', 0),
(15, 1, '2021-03-27 12:52:11', '2021-03-27 06:52:11', '<!-- wp:paragraph -->\n<p>Welcome to WordPress. This is your first post. Edit or delete it, then start writing!</p>\n<!-- /wp:paragraph -->', 'Hello world!', '', 'inherit', 'closed', 'closed', '', '1-revision-v1', '', '', '2021-03-27 12:52:11', '2021-03-27 06:52:11', '', 1, 'http://www.webdevifti.com/wordpress/indepandent/web-design/1-revision-v1/', 0, 'revision', '', 0),
(16, 1, '2021-03-27 12:53:42', '2021-03-27 06:53:42', '<!-- wp:paragraph {\"textColor\":\"black\"} -->\n<p class=\"has-black-color has-text-color\">Lorem ipsum dolor sit amet, consectetur adipisicing elit, sed do eiusmod<br>proident, sunt in culpa qui officia deserunt mollit anim id est laborum sunt in culpa qui officia deserunt mollit anim id est laborum sunt in culpa qui officia deserunt mollit anim id est laborum.</p>\n<!-- /wp:paragraph -->', 'This is the sample post title one', '', 'publish', 'open', 'open', '', 'this-is-the-sample-post-title-one', '', '', '2021-03-27 12:57:37', '2021-03-27 06:57:37', '', 0, 'http://www.webdevifti.com/wordpress/indepandent/?p=16', 0, 'post', '', 3),
(17, 1, '2021-03-27 12:53:42', '2021-03-27 06:53:42', '<!-- wp:paragraph {\"textColor\":\"black\"} -->\n<p class=\"has-black-color has-text-color\">Lorem ipsum dolor sit amet, consectetur adipisicing elit, sed do eiusmod<br>proident, sunt in culpa qui officia deserunt mollit anim id est laborum sunt in culpa qui officia deserunt mollit anim id est laborum sunt in culpa qui officia deserunt mollit anim id est laborum.</p>\n<!-- /wp:paragraph -->', 'This is the sample post title one', '', 'inherit', 'closed', 'closed', '', '16-revision-v1', '', '', '2021-03-27 12:53:42', '2021-03-27 06:53:42', '', 16, 'http://www.webdevifti.com/wordpress/indepandent/web-design/16-revision-v1/', 0, 'revision', '', 0),
(18, 1, '2021-03-27 12:55:13', '2021-03-27 06:55:13', '', 'Click to continue reading', '', 'inherit', 'open', 'closed', '', 'untitled-design-2', '', '', '2021-03-27 12:56:20', '2021-03-27 06:56:20', '', 16, 'http://www.webdevifti.com/wordpress/indepandent/wp-content/uploads/2021/03/Untitled-Design-2.png', 0, 'attachment', 'image/png', 0),
(19, 1, '2021-03-27 14:37:48', '2021-03-27 08:37:48', '<!-- wp:paragraph -->\n<p>Lorem ipsum dolor sit amet, consectetur adipisicing elit, sed do eiusmod<br>proident, sunt in culpa qui officia deserunt mollit anim id est laborum sunt in culpa qui officia deserunt mollit anim id est laborum sunt in culpa qui officia deserunt mollit anim id est laborum.</p>\n<!-- /wp:paragraph -->\n\n<!-- wp:paragraph -->\n<p>Lorem ipsum dolor sit amet, consectetur adipisicing elit, sed do eiusmod<br>proident, sunt </p>\n<!-- /wp:paragraph -->\n\n<!-- wp:paragraph -->\n<p>Lorem ipsum dolor sit amet, consectetur adipisicing elit, sed do eiusmod<br>proident, sunt in culpa qui officia deserunt mollit anim id est laborum sunt in culpa qui officia deserunt mollit anim id est laborum sunt in culpa qui officia deserunt mollit anim id est laborum.</p>\n<!-- /wp:paragraph -->\n\n<!-- wp:paragraph -->\n<p>Lorem ipsum dolor sit amet, consectetur adipisicing elit, sed do eiusmod<br>proident, sunt in culpa qui officia deserunt mollit anim id est laborum sunt in culpa qui officia deserunt mollit anim id est laborum sunt in culpa qui officia deserunt mollit anim id est laborum.</p>\n<!-- /wp:paragraph -->\n\n<!-- wp:paragraph -->\n<p>Lorem ipsum dolor sit amet, consectetur adipisicing elit, sed do eiusmod<br>proident, sunt in culpa qui officia deserunt mollit anim id est laborum sunt in culpa qui officia deserunt mollit anim id est laborum sunt in culpa qui officia deserunt mollit anim id est laborum.</p>\n<!-- /wp:paragraph -->\n\n<!-- wp:paragraph -->\n<p>Lorem ipsum dolor sit amet, consectetur adipisicing elit, sed do eiusmod<br>proident, sunt in culpa qui officia deserunt mollit anim id est laborum sunt in culpa qui officia deserunt mollit anim id est laborum sunt in culpa qui officia deserunt mollit anim id est laborum.</p>\n<!-- /wp:paragraph -->\n\n<!-- wp:paragraph -->\n<p>in culpa qui officia deserunt mollit anim id est laborum sunt in culpa qui officia deserunt mollit anim id est laborum sunt in culpa qui officia deserunt mollit anim id est laborum.</p>\n<!-- /wp:paragraph -->', 'This is the sample post number two', '', 'publish', 'open', 'open', '', 'this-is-the-sample-post-number-two', '', '', '2021-03-27 14:37:48', '2021-03-27 08:37:48', '', 0, 'http://www.webdevifti.com/wordpress/indepandent/?p=19', 0, 'post', '', 0),
(20, 1, '2021-03-27 14:37:48', '2021-03-27 08:37:48', '<!-- wp:paragraph -->\n<p>Lorem ipsum dolor sit amet, consectetur adipisicing elit, sed do eiusmod<br>proident, sunt in culpa qui officia deserunt mollit anim id est laborum sunt in culpa qui officia deserunt mollit anim id est laborum sunt in culpa qui officia deserunt mollit anim id est laborum.</p>\n<!-- /wp:paragraph -->\n\n<!-- wp:paragraph -->\n<p>Lorem ipsum dolor sit amet, consectetur adipisicing elit, sed do eiusmod<br>proident, sunt </p>\n<!-- /wp:paragraph -->\n\n<!-- wp:paragraph -->\n<p>Lorem ipsum dolor sit amet, consectetur adipisicing elit, sed do eiusmod<br>proident, sunt in culpa qui officia deserunt mollit anim id est laborum sunt in culpa qui officia deserunt mollit anim id est laborum sunt in culpa qui officia deserunt mollit anim id est laborum.</p>\n<!-- /wp:paragraph -->\n\n<!-- wp:paragraph -->\n<p>Lorem ipsum dolor sit amet, consectetur adipisicing elit, sed do eiusmod<br>proident, sunt in culpa qui officia deserunt mollit anim id est laborum sunt in culpa qui officia deserunt mollit anim id est laborum sunt in culpa qui officia deserunt mollit anim id est laborum.</p>\n<!-- /wp:paragraph -->\n\n<!-- wp:paragraph -->\n<p>Lorem ipsum dolor sit amet, consectetur adipisicing elit, sed do eiusmod<br>proident, sunt in culpa qui officia deserunt mollit anim id est laborum sunt in culpa qui officia deserunt mollit anim id est laborum sunt in culpa qui officia deserunt mollit anim id est laborum.</p>\n<!-- /wp:paragraph -->\n\n<!-- wp:paragraph -->\n<p>Lorem ipsum dolor sit amet, consectetur adipisicing elit, sed do eiusmod<br>proident, sunt in culpa qui officia deserunt mollit anim id est laborum sunt in culpa qui officia deserunt mollit anim id est laborum sunt in culpa qui officia deserunt mollit anim id est laborum.</p>\n<!-- /wp:paragraph -->\n\n<!-- wp:paragraph -->\n<p>in culpa qui officia deserunt mollit anim id est laborum sunt in culpa qui officia deserunt mollit anim id est laborum sunt in culpa qui officia deserunt mollit anim id est laborum.</p>\n<!-- /wp:paragraph -->', 'This is the sample post number two', '', 'inherit', 'closed', 'closed', '', '19-revision-v1', '', '', '2021-03-27 14:37:48', '2021-03-27 08:37:48', '', 19, 'http://www.webdevifti.com/wordpress/indepandent/web-design/19-revision-v1/', 0, 'revision', '', 0),
(21, 1, '2021-03-27 15:09:10', '2021-03-27 09:09:10', '<!-- wp:paragraph -->\n<p>this is about page</p>\n<!-- /wp:paragraph -->', 'About', '', 'inherit', 'closed', 'closed', '', '10-revision-v1', '', '', '2021-03-27 15:09:10', '2021-03-27 09:09:10', '', 10, 'http://www.webdevifti.com/wordpress/indepandent/web-design/10-revision-v1/', 0, 'revision', '', 0),
(22, 1, '2021-03-27 15:09:48', '2021-03-27 09:09:48', '<!-- wp:paragraph -->\n<p>this is contact page</p>\n<!-- /wp:paragraph -->', 'Contact', '', 'inherit', 'closed', 'closed', '', '8-revision-v1', '', '', '2021-03-27 15:09:48', '2021-03-27 09:09:48', '', 8, 'http://www.webdevifti.com/wordpress/indepandent/web-design/8-revision-v1/', 0, 'revision', '', 0);

-- --------------------------------------------------------

--
-- Table structure for table `wp_intermmeta`
--

CREATE TABLE `wp_intermmeta` (
  `meta_id` bigint(20) UNSIGNED NOT NULL,
  `term_id` bigint(20) UNSIGNED NOT NULL DEFAULT 0,
  `meta_key` varchar(255) COLLATE utf8mb4_unicode_ci DEFAULT NULL,
  `meta_value` longtext COLLATE utf8mb4_unicode_ci DEFAULT NULL
) ENGINE=InnoDB DEFAULT CHARSET=utf8mb4 COLLATE=utf8mb4_unicode_ci;

-- --------------------------------------------------------

--
-- Table structure for table `wp_interms`
--

CREATE TABLE `wp_interms` (
  `term_id` bigint(20) UNSIGNED NOT NULL,
  `name` varchar(200) COLLATE utf8mb4_unicode_ci NOT NULL DEFAULT '',
  `slug` varchar(200) COLLATE utf8mb4_unicode_ci NOT NULL DEFAULT '',
  `term_group` bigint(10) NOT NULL DEFAULT 0
) ENGINE=InnoDB DEFAULT CHARSET=utf8mb4 COLLATE=utf8mb4_unicode_ci;

--
-- Dumping data for table `wp_interms`
--

INSERT INTO `wp_interms` (`term_id`, `name`, `slug`, `term_group`) VALUES
(1, 'web design', 'web-design', 0),
(2, 'main menu', 'main-menu', 0),
(3, 'web development', 'web-development', 0),
(4, 'sample tag', 'sample-tag', 0),
(5, 'post tags', 'post-tags', 0),
(6, 'lorem', 'lorem', 0),
(7, 'example', 'example', 0),
(8, 'web', 'web', 0),
(9, 'development', 'development', 0),
(10, 'programming', 'programming', 0);

-- --------------------------------------------------------

--
-- Table structure for table `wp_interm_relationships`
--

CREATE TABLE `wp_interm_relationships` (
  `object_id` bigint(20) UNSIGNED NOT NULL DEFAULT 0,
  `term_taxonomy_id` bigint(20) UNSIGNED NOT NULL DEFAULT 0,
  `term_order` int(11) NOT NULL DEFAULT 0
) ENGINE=InnoDB DEFAULT CHARSET=utf8mb4 COLLATE=utf8mb4_unicode_ci;

--
-- Dumping data for table `wp_interm_relationships`
--

INSERT INTO `wp_interm_relationships` (`object_id`, `term_taxonomy_id`, `term_order`) VALUES
(1, 1, 0),
(5, 2, 0),
(12, 2, 0),
(13, 2, 0),
(16, 1, 0),
(16, 4, 0),
(16, 5, 0),
(16, 6, 0),
(16, 7, 0),
(19, 3, 0),
(19, 8, 0),
(19, 9, 0),
(19, 10, 0);

-- --------------------------------------------------------

--
-- Table structure for table `wp_interm_taxonomy`
--

CREATE TABLE `wp_interm_taxonomy` (
  `term_taxonomy_id` bigint(20) UNSIGNED NOT NULL,
  `term_id` bigint(20) UNSIGNED NOT NULL DEFAULT 0,
  `taxonomy` varchar(32) COLLATE utf8mb4_unicode_ci NOT NULL DEFAULT '',
  `description` longtext COLLATE utf8mb4_unicode_ci NOT NULL,
  `parent` bigint(20) UNSIGNED NOT NULL DEFAULT 0,
  `count` bigint(20) NOT NULL DEFAULT 0
) ENGINE=InnoDB DEFAULT CHARSET=utf8mb4 COLLATE=utf8mb4_unicode_ci;

--
-- Dumping data for table `wp_interm_taxonomy`
--

INSERT INTO `wp_interm_taxonomy` (`term_taxonomy_id`, `term_id`, `taxonomy`, `description`, `parent`, `count`) VALUES
(1, 1, 'category', '', 0, 1),
(2, 2, 'nav_menu', '', 0, 3),
(3, 3, 'category', '', 0, 1),
(4, 4, 'post_tag', '', 0, 1),
(5, 5, 'post_tag', '', 0, 1),
(6, 6, 'post_tag', '', 0, 1),
(7, 7, 'post_tag', '', 0, 1),
(8, 8, 'post_tag', '', 0, 1),
(9, 9, 'post_tag', '', 0, 1),
(10, 10, 'post_tag', '', 0, 1);

-- --------------------------------------------------------

--
-- Table structure for table `wp_inusermeta`
--

CREATE TABLE `wp_inusermeta` (
  `umeta_id` bigint(20) UNSIGNED NOT NULL,
  `user_id` bigint(20) UNSIGNED NOT NULL DEFAULT 0,
  `meta_key` varchar(255) COLLATE utf8mb4_unicode_ci DEFAULT NULL,
  `meta_value` longtext COLLATE utf8mb4_unicode_ci DEFAULT NULL
) ENGINE=InnoDB DEFAULT CHARSET=utf8mb4 COLLATE=utf8mb4_unicode_ci;

--
-- Dumping data for table `wp_inusermeta`
--

INSERT INTO `wp_inusermeta` (`umeta_id`, `user_id`, `meta_key`, `meta_value`) VALUES
(1, 1, 'nickname', 'admin'),
(2, 1, 'first_name', ''),
(3, 1, 'last_name', ''),
(4, 1, 'description', ''),
(5, 1, 'rich_editing', 'true'),
(6, 1, 'syntax_highlighting', 'true'),
(7, 1, 'comment_shortcuts', 'false'),
(8, 1, 'admin_color', 'fresh'),
(9, 1, 'use_ssl', '0'),
(10, 1, 'show_admin_bar_front', 'true'),
(11, 1, 'locale', ''),
(12, 1, 'wp_incapabilities', 'a:1:{s:13:\"administrator\";b:1;}'),
(13, 1, 'wp_inuser_level', '10'),
(14, 1, 'dismissed_wp_pointers', ''),
(15, 1, 'show_welcome_panel', '1'),
(16, 1, 'session_tokens', 'a:1:{s:64:\"f80d70c9abc7f62199d611c05ffb8658dec1966e00ee853dd0d4dd23b118afe5\";a:4:{s:10:\"expiration\";i:1616994366;s:2:\"ip\";s:3:\"::1\";s:2:\"ua\";s:114:\"Mozilla/5.0 (Windows NT 10.0; Win64; x64) AppleWebKit/537.36 (KHTML, like Gecko) Chrome/89.0.4389.90 Safari/537.36\";s:5:\"login\";i:1616821566;}}'),
(17, 1, 'wp_indashboard_quick_press_last_post_id', '4'),
(18, 1, 'wp_inuser-settings', 'mfold=o&libraryContent=browse&widgets_access=off'),
(19, 1, 'wp_inuser-settings-time', '1616838231'),
(20, 1, 'managenav-menuscolumnshidden', 'a:5:{i:0;s:11:\"link-target\";i:1;s:11:\"css-classes\";i:2;s:3:\"xfn\";i:3;s:11:\"description\";i:4;s:15:\"title-attribute\";}'),
(21, 1, 'metaboxhidden_nav-menus', 'a:1:{i:0;s:12:\"add-post_tag\";}'),
(22, 1, 'nav_menu_recently_edited', '2');

-- --------------------------------------------------------

--
-- Table structure for table `wp_inusers`
--

CREATE TABLE `wp_inusers` (
  `ID` bigint(20) UNSIGNED NOT NULL,
  `user_login` varchar(60) COLLATE utf8mb4_unicode_ci NOT NULL DEFAULT '',
  `user_pass` varchar(255) COLLATE utf8mb4_unicode_ci NOT NULL DEFAULT '',
  `user_nicename` varchar(50) COLLATE utf8mb4_unicode_ci NOT NULL DEFAULT '',
  `user_email` varchar(100) COLLATE utf8mb4_unicode_ci NOT NULL DEFAULT '',
  `user_url` varchar(100) COLLATE utf8mb4_unicode_ci NOT NULL DEFAULT '',
  `user_registered` datetime NOT NULL DEFAULT '0000-00-00 00:00:00',
  `user_activation_key` varchar(255) COLLATE utf8mb4_unicode_ci NOT NULL DEFAULT '',
  `user_status` int(11) NOT NULL DEFAULT 0,
  `display_name` varchar(250) COLLATE utf8mb4_unicode_ci NOT NULL DEFAULT ''
) ENGINE=InnoDB DEFAULT CHARSET=utf8mb4 COLLATE=utf8mb4_unicode_ci;

--
-- Dumping data for table `wp_inusers`
--

INSERT INTO `wp_inusers` (`ID`, `user_login`, `user_pass`, `user_nicename`, `user_email`, `user_url`, `user_registered`, `user_activation_key`, `user_status`, `display_name`) VALUES
(1, 'admin', '$P$Bm9hqTrGA6m7wpY4tjJv1IeOv0c.Do1', 'admin', '01iftekharalam@gmail.com', 'http://www.webdevifti.com/wordpress/indepandent', '2021-03-27 05:05:48', '', 0, 'admin');

--
-- Indexes for dumped tables
--

--
-- Indexes for table `wp_incommentmeta`
--
ALTER TABLE `wp_incommentmeta`
  ADD PRIMARY KEY (`meta_id`),
  ADD KEY `comment_id` (`comment_id`),
  ADD KEY `meta_key` (`meta_key`(191));

--
-- Indexes for table `wp_incomments`
--
ALTER TABLE `wp_incomments`
  ADD PRIMARY KEY (`comment_ID`),
  ADD KEY `comment_post_ID` (`comment_post_ID`),
  ADD KEY `comment_approved_date_gmt` (`comment_approved`,`comment_date_gmt`),
  ADD KEY `comment_date_gmt` (`comment_date_gmt`),
  ADD KEY `comment_parent` (`comment_parent`),
  ADD KEY `comment_author_email` (`comment_author_email`(10));

--
-- Indexes for table `wp_inlinks`
--
ALTER TABLE `wp_inlinks`
  ADD PRIMARY KEY (`link_id`),
  ADD KEY `link_visible` (`link_visible`);

--
-- Indexes for table `wp_inoptions`
--
ALTER TABLE `wp_inoptions`
  ADD PRIMARY KEY (`option_id`),
  ADD UNIQUE KEY `option_name` (`option_name`),
  ADD KEY `autoload` (`autoload`);

--
-- Indexes for table `wp_inpostmeta`
--
ALTER TABLE `wp_inpostmeta`
  ADD PRIMARY KEY (`meta_id`),
  ADD KEY `post_id` (`post_id`),
  ADD KEY `meta_key` (`meta_key`(191));

--
-- Indexes for table `wp_inposts`
--
ALTER TABLE `wp_inposts`
  ADD PRIMARY KEY (`ID`),
  ADD KEY `post_name` (`post_name`(191)),
  ADD KEY `type_status_date` (`post_type`,`post_status`,`post_date`,`ID`),
  ADD KEY `post_parent` (`post_parent`),
  ADD KEY `post_author` (`post_author`);

--
-- Indexes for table `wp_intermmeta`
--
ALTER TABLE `wp_intermmeta`
  ADD PRIMARY KEY (`meta_id`),
  ADD KEY `term_id` (`term_id`),
  ADD KEY `meta_key` (`meta_key`(191));

--
-- Indexes for table `wp_interms`
--
ALTER TABLE `wp_interms`
  ADD PRIMARY KEY (`term_id`),
  ADD KEY `slug` (`slug`(191)),
  ADD KEY `name` (`name`(191));

--
-- Indexes for table `wp_interm_relationships`
--
ALTER TABLE `wp_interm_relationships`
  ADD PRIMARY KEY (`object_id`,`term_taxonomy_id`),
  ADD KEY `term_taxonomy_id` (`term_taxonomy_id`);

--
-- Indexes for table `wp_interm_taxonomy`
--
ALTER TABLE `wp_interm_taxonomy`
  ADD PRIMARY KEY (`term_taxonomy_id`),
  ADD UNIQUE KEY `term_id_taxonomy` (`term_id`,`taxonomy`),
  ADD KEY `taxonomy` (`taxonomy`);

--
-- Indexes for table `wp_inusermeta`
--
ALTER TABLE `wp_inusermeta`
  ADD PRIMARY KEY (`umeta_id`),
  ADD KEY `user_id` (`user_id`),
  ADD KEY `meta_key` (`meta_key`(191));

--
-- Indexes for table `wp_inusers`
--
ALTER TABLE `wp_inusers`
  ADD PRIMARY KEY (`ID`),
  ADD KEY `user_login_key` (`user_login`),
  ADD KEY `user_nicename` (`user_nicename`),
  ADD KEY `user_email` (`user_email`);

--
-- AUTO_INCREMENT for dumped tables
--

--
-- AUTO_INCREMENT for table `wp_incommentmeta`
--
ALTER TABLE `wp_incommentmeta`
  MODIFY `meta_id` bigint(20) UNSIGNED NOT NULL AUTO_INCREMENT;

--
-- AUTO_INCREMENT for table `wp_incomments`
--
ALTER TABLE `wp_incomments`
  MODIFY `comment_ID` bigint(20) UNSIGNED NOT NULL AUTO_INCREMENT, AUTO_INCREMENT=5;

--
-- AUTO_INCREMENT for table `wp_inlinks`
--
ALTER TABLE `wp_inlinks`
  MODIFY `link_id` bigint(20) UNSIGNED NOT NULL AUTO_INCREMENT;

--
-- AUTO_INCREMENT for table `wp_inoptions`
--
ALTER TABLE `wp_inoptions`
  MODIFY `option_id` bigint(20) UNSIGNED NOT NULL AUTO_INCREMENT, AUTO_INCREMENT=163;

--
-- AUTO_INCREMENT for table `wp_inpostmeta`
--
ALTER TABLE `wp_inpostmeta`
  MODIFY `meta_id` bigint(20) UNSIGNED NOT NULL AUTO_INCREMENT, AUTO_INCREMENT=59;

--
-- AUTO_INCREMENT for table `wp_inposts`
--
ALTER TABLE `wp_inposts`
  MODIFY `ID` bigint(20) UNSIGNED NOT NULL AUTO_INCREMENT, AUTO_INCREMENT=23;

--
-- AUTO_INCREMENT for table `wp_intermmeta`
--
ALTER TABLE `wp_intermmeta`
  MODIFY `meta_id` bigint(20) UNSIGNED NOT NULL AUTO_INCREMENT;

--
-- AUTO_INCREMENT for table `wp_interms`
--
ALTER TABLE `wp_interms`
  MODIFY `term_id` bigint(20) UNSIGNED NOT NULL AUTO_INCREMENT, AUTO_INCREMENT=11;

--
-- AUTO_INCREMENT for table `wp_interm_taxonomy`
--
ALTER TABLE `wp_interm_taxonomy`
  MODIFY `term_taxonomy_id` bigint(20) UNSIGNED NOT NULL AUTO_INCREMENT, AUTO_INCREMENT=11;

--
-- AUTO_INCREMENT for table `wp_inusermeta`
--
ALTER TABLE `wp_inusermeta`
  MODIFY `umeta_id` bigint(20) UNSIGNED NOT NULL AUTO_INCREMENT, AUTO_INCREMENT=23;

--
-- AUTO_INCREMENT for table `wp_inusers`
--
ALTER TABLE `wp_inusers`
  MODIFY `ID` bigint(20) UNSIGNED NOT NULL AUTO_INCREMENT, AUTO_INCREMENT=2;
COMMIT;

/*!40101 SET CHARACTER_SET_CLIENT=@OLD_CHARACTER_SET_CLIENT */;
/*!40101 SET CHARACTER_SET_RESULTS=@OLD_CHARACTER_SET_RESULTS */;
/*!40101 SET COLLATION_CONNECTION=@OLD_COLLATION_CONNECTION */;
